{"serial_timesteps": 2048, "n_updates": 1, "total_timesteps": 2048, "fps": 0, "explained_variance": -1.1057841777801514, "ep_reward_mean": -2.9609434999859046, "ep_len_mean": 1.0068863748155434, "ep_win_rate": 0.0014749262536873156, "ep_fail_rate": 0.9985250737463127, "lr_now": 0.003, "episode_len": 2034, "time_elapsed": 0.0006279945373535156, "policy_loss": -0.04325704276561737, "value_loss": 9.412819862365723, "policy_entropy": 3.4911000728607178, "approxkl": 0.13068343698978424, "clipfrac": 0.28564453125}
