{"serial_timesteps": 2048, "n_updates": 1, "total_timesteps": 2048, "fps": 1, "explained_variance": -35.652400970458984, "ep_reward_mean": -2.9966908487563932, "ep_len_mean": 1.003923491907798, "ep_win_rate": 0.0, "ep_fail_rate": 1.0, "lr_now": 0.0003, "episode_len": 2040, "time_elapsed": 0.00030922889709472656, "policy_loss": -0.011201782152056694, "value_loss": 6.436402320861816, "policy_entropy": 3.525292158126831, "approxkl": 0.001195038203150034, "clipfrac": 0.00927734375}
{"serial_timesteps": 4096, "n_updates": 2, "total_timesteps": 4096, "fps": 1, "explained_variance": -24.157527923583984, "ep_reward_mean": -2.9974698762604404, "ep_len_mean": 1.00146771037182, "ep_win_rate": 0.0, "ep_fail_rate": 1.0, "lr_now": 0.00029999447039999997, "episode_len": 2045, "time_elapsed": 1443.689671754837, "policy_loss": -0.06792686134576797, "value_loss": 0.21054494380950928, "policy_entropy": 3.515105724334717, "approxkl": 0.012166380882263184, "clipfrac": 0.189453125}
{"serial_timesteps": 6144, "n_updates": 3, "total_timesteps": 6144, "fps": 1, "explained_variance": -11.191696166992188, "ep_reward_mean": -2.9984491085947873, "ep_len_mean": 1.0009779951100244, "ep_win_rate": 0.0, "ep_fail_rate": 1.0, "lr_now": 0.00029998894079999997, "episode_len": 2046, "time_elapsed": 2731.440080881119, "policy_loss": -0.1147838681936264, "value_loss": 0.03065297193825245, "policy_entropy": 3.488971471786499, "approxkl": 0.0658913254737854, "clipfrac": 0.62603759765625}
{"serial_timesteps": 8192, "n_updates": 4, "total_timesteps": 8192, "fps": 1, "explained_variance": -1.1615993976593018, "ep_reward_mean": -2.996469527283646, "ep_len_mean": 1.004909180166912, "ep_win_rate": 0.0, "ep_fail_rate": 1.0, "lr_now": 0.00029998341119999997, "episode_len": 2038, "time_elapsed": 4152.361140489578, "policy_loss": -0.0961737185716629, "value_loss": 0.031321391463279724, "policy_entropy": 3.467036247253418, "approxkl": 0.09496239572763443, "clipfrac": 0.71368408203125}
{"serial_timesteps": 10240, "n_updates": 5, "total_timesteps": 10240, "fps": 1, "explained_variance": -1.2711880207061768, "ep_reward_mean": -2.996641971736723, "ep_len_mean": 1.0029397354238119, "ep_win_rate": 0.0, "ep_fail_rate": 1.0, "lr_now": 0.00029997788159999997, "episode_len": 2042, "time_elapsed": 5522.666393041611, "policy_loss": -0.09677005559206009, "value_loss": 0.013613244518637657, "policy_entropy": 3.4430623054504395, "approxkl": 0.14228099584579468, "clipfrac": 0.77587890625}
{"serial_timesteps": 12288, "n_updates": 6, "total_timesteps": 12288, "fps": 1, "explained_variance": -1.2575252056121826, "ep_reward_mean": -2.9983988489840674, "ep_len_mean": 1.0029397354238119, "ep_win_rate": 0.0, "ep_fail_rate": 1.0, "lr_now": 0.00029997235199999997, "episode_len": 2042, "time_elapsed": 6980.546404361725, "policy_loss": -0.09465210139751434, "value_loss": 0.011138994246721268, "policy_entropy": 3.418717384338379, "approxkl": 0.17283354699611664, "clipfrac": 0.7958984375}
{"serial_timesteps": 14336, "n_updates": 7, "total_timesteps": 14336, "fps": 1, "explained_variance": -0.897721529006958, "ep_reward_mean": -2.996689191873841, "ep_len_mean": 1.0029397354238119, "ep_win_rate": 0.0, "ep_fail_rate": 1.0, "lr_now": 0.00029996682239999997, "episode_len": 2042, "time_elapsed": 8442.568144321442, "policy_loss": -0.08615934103727341, "value_loss": 0.014830198138952255, "policy_entropy": 3.4026620388031006, "approxkl": 0.20745499432086945, "clipfrac": 0.8111572265625}
{"serial_timesteps": 16384, "n_updates": 8, "total_timesteps": 16384, "fps": 1, "explained_variance": -0.34592950344085693, "ep_reward_mean": -2.9947089143069943, "ep_len_mean": 1.0058968058968059, "ep_win_rate": 0.0, "ep_fail_rate": 0.99950884086444, "lr_now": 0.00029996129279999997, "episode_len": 2036, "time_elapsed": 9978.814810752869, "policy_loss": -0.06634236872196198, "value_loss": 0.021709760650992393, "policy_entropy": 3.3899710178375244, "approxkl": 0.20200832188129425, "clipfrac": 0.8133544921875}
{"serial_timesteps": 18432, "n_updates": 9, "total_timesteps": 18432, "fps": 1, "explained_variance": -0.28229665756225586, "ep_reward_mean": -2.9949026310335873, "ep_len_mean": 1.0058968058968059, "ep_win_rate": 0.0, "ep_fail_rate": 1.0, "lr_now": 0.00029995576319999997, "episode_len": 2036, "time_elapsed": 11321.049817323685, "policy_loss": -0.06375519931316376, "value_loss": 0.01739707961678505, "policy_entropy": 3.380157709121704, "approxkl": 0.23053203523159027, "clipfrac": 0.81787109375}
{"serial_timesteps": 20480, "n_updates": 10, "total_timesteps": 20480, "fps": 1, "explained_variance": -1.550262689590454, "ep_reward_mean": -2.9992245542973937, "ep_len_mean": 1.0009779951100244, "ep_win_rate": 0.0, "ep_fail_rate": 1.0, "lr_now": 0.00029995023359999997, "episode_len": 2046, "time_elapsed": 13104.412123441696, "policy_loss": -0.09467748552560806, "value_loss": 0.005846295040100813, "policy_entropy": 3.3711109161376953, "approxkl": 0.23902691900730133, "clipfrac": 0.82965087890625}
{"serial_timesteps": 22528, "n_updates": 11, "total_timesteps": 22528, "fps": 1, "explained_variance": -0.544289231300354, "ep_reward_mean": -2.9974637430624393, "ep_len_mean": 1.0019579050416054, "ep_win_rate": 0.0, "ep_fail_rate": 1.0, "lr_now": 0.00029994470399999997, "episode_len": 2044, "time_elapsed": 14281.656661272049, "policy_loss": -0.07656221836805344, "value_loss": 0.007425096817314625, "policy_entropy": 3.355045795440674, "approxkl": 0.2754456698894501, "clipfrac": 0.83642578125}
{"serial_timesteps": 24576, "n_updates": 12, "total_timesteps": 24576, "fps": 1, "explained_variance": -0.21784543991088867, "ep_reward_mean": -2.9954992289591, "ep_len_mean": 1.0034313725490196, "ep_win_rate": 0.0, "ep_fail_rate": 0.9995100440960314, "lr_now": 0.00029993917439999996, "episode_len": 2041, "time_elapsed": 15698.178542852402, "policy_loss": -0.06374377757310867, "value_loss": 0.012410677038133144, "policy_entropy": 3.3566293716430664, "approxkl": 0.2633821666240692, "clipfrac": 0.83331298828125}
{"serial_timesteps": 26624, "n_updates": 13, "total_timesteps": 26624, "fps": 1, "explained_variance": -0.11912095546722412, "ep_reward_mean": -2.995263159378739, "ep_len_mean": 1.0083743842364532, "ep_win_rate": 0.0, "ep_fail_rate": 0.999507631708518, "lr_now": 0.00029993364479999996, "episode_len": 2031, "time_elapsed": 17210.072284936905, "policy_loss": -0.04992495849728584, "value_loss": 0.02538561448454857, "policy_entropy": 3.376889705657959, "approxkl": 0.2155376821756363, "clipfrac": 0.80859375}
{"serial_timesteps": 28672, "n_updates": 14, "total_timesteps": 28672, "fps": 1, "explained_variance": -0.354305624961853, "ep_reward_mean": -2.9982480223115857, "ep_len_mean": 1.0029397354238119, "ep_win_rate": 0.0, "ep_fail_rate": 0.9995102840352595, "lr_now": 0.00029992811519999996, "episode_len": 2042, "time_elapsed": 18559.917335510254, "policy_loss": -0.07207479327917099, "value_loss": 0.007837794721126556, "policy_entropy": 3.374220609664917, "approxkl": 0.2522867023944855, "clipfrac": 0.82574462890625}
{"serial_timesteps": 30720, "n_updates": 15, "total_timesteps": 30720, "fps": 1, "explained_variance": -0.13076364994049072, "ep_reward_mean": -2.9954854749885986, "ep_len_mean": 1.0044204322200392, "ep_win_rate": 0.0, "ep_fail_rate": 1.0, "lr_now": 0.00029992258559999996, "episode_len": 2037, "time_elapsed": 19979.832080841064, "policy_loss": -0.05328814312815666, "value_loss": 0.013966048136353493, "policy_entropy": 3.3788270950317383, "approxkl": 0.2343425154685974, "clipfrac": 0.82232666015625}
{"serial_timesteps": 32768, "n_updates": 16, "total_timesteps": 32768, "fps": 1, "explained_variance": -0.27362990379333496, "ep_reward_mean": -2.9976181509867166, "ep_len_mean": 1.0024485798237022, "ep_win_rate": 0.0, "ep_fail_rate": 0.9995105237395986, "lr_now": 0.00029991705599999996, "episode_len": 2043, "time_elapsed": 21364.46316099167, "policy_loss": -0.07203482836484909, "value_loss": 0.007220074534416199, "policy_entropy": 3.3826887607574463,