{"serial_timesteps": 2048, "n_updates": 1, "total_timesteps": 2048, "fps": 0, "explained_variance": -51.7466926574707, "ep_reward_mean": -2.9970602572460727, "ep_len_mean": 1.0029397354238119, "ep_win_rate": 0.0004897159647404506, "ep_fail_rate": 0.9990205680705191, "lr_now": 0.003, "episode_len": 2042, "time_elapsed": 0.00044608116149902344, "policy_loss": -0.061554525047540665, "value_loss": 17.693172454833984, "policy_entropy": 3.4900612831115723, "approxkl": 0.06935484707355499, "clipfrac": 0.3751220703125}
